"SNP","P_value","beta"
"rs11208648_G",1.93988206436873e-47,-1.03365478126656
"rs2642442_C",0.86018552184841,0.00578980246189657
"rs1260326_T",4.24948493690192e-92,0.636401622523276
"rs1919127_C",1.01650622245303e-42,0.480937385397861
"rs12987055_C",1.13928885494311e-63,0.592479922997668
"rs3749147_A",2.66084383845108e-56,0.560489011800263
"rs6832102_G",0.268393546694154,-0.0384210178724454
"rs72613567_TA",0.0371694303207041,0.0724686171427358
"rs17616248_C",0.0236708701776369,0.162976762630066
"rs7832606_T",7.01036883736332e-20,-0.511842647138015
"rs2954029_T",7.59143925382091e-13,-0.219893609207923
"rs2954033_A",1.39804571448351e-29,0.375677505237288
"rs1728765_G",0.000766990968205971,-0.121451979869263
"rs67801643_T",0.261730807002339,-0.0487174134364933
"rs58542926_T",1.5755037321806e-06,-0.279321410762848
"rs10415849_T",2.93193050101796e-09,-0.276683610032556
"rs17216525_T",0.000213149564621011,-0.207774068292423
"rs429358_C",2.08120900044884e-08,0.236749187212489
"rs9617963_A",0.00243380550795453,-0.114475450160459
"rs738409_G",0.623072282581949,0.0181789929232284
"rs78569621_T",0.708135587650603,-0.0486326134442698
"rs9625965_C",0.592518255609165,0.0330930913568349
"rs76015644_G",0.593452746111724,0.0586200619570933
"rs3761472_G",0.43302886451177,-0.032732478541161
