"SNP","P_value","beta"
"rs11208648_G",1.8804628217786e-41,-0.976375134756889
"rs2642442_C",0.807658996108054,0.00806140326164261
"rs1260326_T",1.44992312371639e-89,0.63176060449672
"rs1919127_C",1.67290126061147e-42,0.482909531462642
"rs12987055_C",2.37423921668871e-62,0.590063978223187
"rs3749147_A",2.71810015190512e-54,0.553753008406933
"rs6832102_G",0.293739250066996,-0.036714303669031
"rs72613567_TA",0.0382416528321291,0.0725807483767329
"rs17616248_C",0.040126407021764,0.148906860057954
"rs7832606_T",5.62285473997843e-18,-0.488285642307478
"rs2954029_T",1.75569599568877e-13,-0.227685598307407
"rs2954033_A",3.24757457922646e-28,0.369061531201449
"rs1728765_G",0.00272962585257953,-0.108967851378291
"rs67801643_T",0.425163090658125,-0.0349350222757666
"rs58542926_T",8.11747537367042e-07,-0.28961247778244
"rs10415849_T",1.29050935901515e-09,-0.285460059993978
"rs17216525_T",9.40289710508842e-05,-0.221108379549091
"rs429358_C",1.14274359110618e-08,0.242562893580071
"rs9617963_A",0.00155833252885637,-0.120437240216303
"rs738409_G",0.727231695715734,-0.013003716168672
"rs78569621_T",0.587956469404051,-0.0708526698300258
"rs9625965_C",0.928383532464376,-0.00559482124214329
"rs76015644_G",0.709434304201088,0.0412297466864312
"rs3761472_G",0.252945797502073,-0.0481273160613195
