"SNP","P_value","beta","adjusted_p_value"
"rs11208648_G",0.534265309704012,-0.0411158728724738,0.77574559913447
"rs2642442_C",0.0296900300799663,0.0663799045293681,0.356280360959596
"rs1260326_T",0.96106554081641,0.00143265693538494,0.964753448088268
"rs1919127_C",0.870579263996362,0.0053540039763681,0.964753448088268
"rs12987055_C",0.964753448088268,0.00145403298768005,0.964753448088268
"rs3749147_A",0.897143574212238,0.00427643742655853,0.964753448088268
"rs6832102_G",0.142772527748946,0.0475869256172167,0.428317583246838
"rs72613567_TA",0.12238887230629,0.0502103012681099,0.428317583246838
"rs17616248_C",0.106484130253004,0.106784483470528,0.428317583246838
"rs7832606_T",0.867095292748747,0.00896371226243311,0.964753448088268
"rs2954029_T",0.311049115752105,0.0291682083368245,0.587638032529502
"rs2954033_A",0.106260448182689,-0.0502795673878098,0.428317583246838
"rs1728765_G",0.312944365110917,0.0344143202962303,0.587638032529502
"rs67801643_T",0.312665379978355,0.0402688070321894,0.587638032529502
"rs58542926_T",0.221448186406074,0.0658008837643735,0.587638032529502
"rs10415849_T",0.0851633837661657,0.0739947045301038,0.428317583246838
"rs17216525_T",0.0269484699268333,0.11435141122988,0.356280360959596
"rs429358_C",0.46573803687524,-0.0285412871986096,0.745180859000383
"rs9617963_A",0.332327952844369,-0.0342479026859977,0.587638032529502
"rs738409_G",0.129403485594342,-0.0529495791942547,0.428317583246838
"rs78569621_T",0.586011296978524,0.0677640156234967,0.781348395971366
"rs9625965_C",0.549486466053583,-0.0351043908164552,0.77574559913447
"rs76015644_G",0.654735692035472,-0.0469775651136455,0.827034558360596
"rs3761472_G",0.342788852308876,-0.0373142312819301,0.587638032529502
