"SNP","P_value","beta","adjusted_p_value"
"rs11208648_G",0.83973699739736,-0.014273404532462,0.941002719533444
"rs2642442_C",0.11853005633207,0.0505840358417339,0.521751728553315
"rs1260326_T",0.646650807622627,0.0142318028871709,0.941002719533444
"rs1919127_C",0.882271794401555,0.00514924182073205,0.941002719533444
"rs12987055_C",0.982888937393484,-0.000746971567375117,0.982888937393484
"rs3749147_A",0.901794272886217,0.00432516562308289,0.941002719533444
"rs6832102_G",0.270604031240801,0.0379227409448626,0.603930489726063
"rs72613567_TA",0.130000497080505,0.0521443207188368,0.521751728553315
"rs17616248_C",0.1396391651533,0.103842105573845,0.521751728553315
"rs7832606_T",0.743610543781236,0.0184404948438012,0.941002719533444
"rs2954029_T",0.301965244863032,0.031494902847567,0.603930489726063
"rs2954033_A",0.153489891055945,-0.0470002125836688,0.521751728553315
"rs1728765_G",0.508584577912165,0.0238931585911536,0.813735324659464
"rs67801643_T",0.173917242851105,0.0573482182766321,0.521751728553315
"rs58542926_T",0.154089840469211,0.0810257314341268,0.521751728553315
"rs10415849_T",0.264685009717211,0.0508762863790613,0.603930489726063
"rs17216525_T",0.0307287664326065,0.118390458750373,0.521751728553315
"rs429358_C",0.440563444027969,-0.0317888032718048,0.755251618333661
"rs9617963_A",0.347923793550247,-0.0351493629872058,0.642320849631226
"rs738409_G",0.115526871195379,-0.0582683012540896,0.521751728553315
"rs78569621_T",0.819303106420538,0.0299317962427331,0.941002719533444
"rs9625965_C",0.826127408353863,-0.0136321005482442,0.941002719533444
"rs76015644_G",0.763443619419144,-0.0337471825886011,0.941002719533444
"rs3761472_G",0.281016583939681,-0.0450506728943633,0.603930489726063
